{
  "token_acc":1.0,
  "token_p":1.0,
  "token_r":1.0,
  "token_f":1.0,
  "ents_p":0.9666666667,
  "ents_r":0.956043956,
  "ents_f":0.9613259669,
  "ents_per_type":{
    "METHOD":{
      "p":0.9666666667,
      "r":0.956043956,
      "f":0.9613259669
    }
  },
  "speed":34781.4683529877
}