{
  "token_acc":1.0,
  "token_p":1.0,
  "token_r":1.0,
  "token_f":1.0,
  "ents_p":0.9381443299,
  "ents_r":0.9381443299,
  "ents_f":0.9381443299,
  "ents_per_type":{
    "METHOD":{
      "p":0.9381443299,
      "r":0.9381443299,
      "f":0.9381443299
    }
  },
  "speed":34487.229310922
}