{
  "lang":"en",
  "name":"pipeline",
  "version":"0.0.0",
  "spacy_version":">=3.7.6,<3.8.0",
  "description":"",
  "author":"",
  "email":"",
  "url":"",
  "license":"",
  "spacy_git_version":"319e025",
  "vectors":{
    "width":0,
    "vectors":0,
    "keys":0,
    "name":null,
    "mode":"default"
  },
  "labels":{
    "tok2vec":[

    ],
    "textcat_multilabel":[
      "Radioligand binding (BAO_0002776)",
      "Binding (BAO_0002989)",
      "Protein activity (BAO_0013016)",
      "in vivo method (BAO_0040021)",
      "Cell phenotype (BAO_0002542)",
      "Nucleic acid binding",
      "Antimicrobial activity"
    ]
  },
  "pipeline":[
    "tok2vec",
    "textcat_multilabel"
  ],
  "components":[
    "tok2vec",
    "textcat_multilabel"
  ],
  "disabled":[

  ],
  "performance":{
    "cats_score":0.9781489922,
    "cats_score_desc":"macro AUC",
    "cats_micro_p":0.8922155689,
    "cats_micro_r":0.8612716763,
    "cats_micro_f":0.8764705882,
    "cats_macro_p":0.9029932341,
    "cats_macro_r":0.875520313,
    "cats_macro_f":0.8861147143,
    "cats_macro_auc":0.9781489922,
    "cats_f_per_type":{
      "Radioligand binding (BAO_0002776)":{
        "p":0.8695652174,
        "r":0.9090909091,
        "f":0.8888888889
      },
      "Binding (BAO_0002989)":{
        "p":0.8947368421,
        "r":0.6538461538,
        "f":0.7555555556
      },
      "Protein activity (BAO_0013016)":{
        "p":0.8648648649,
        "r":0.8205128205,
        "f":0.8421052632
      },
      "in vivo method (BAO_0040021)":{
        "p":1.0,
        "r":1.0,
        "f":1.0
      },
      "Cell phenotype (BAO_0002542)":{
        "p":0.84,
        "r":0.8076923077,
        "f":0.8235294118
      },
      "Nucleic acid binding":{
        "p":0.9142857143,
        "r":1.0,
        "f":0.9552238806
      },
      "Antimicrobial activity":{
        "p":0.9375,
        "r":0.9375,
        "f":0.9375
      }
    },
    "cats_macro_auc_per_type":0.0,
    "tok2vec_loss":14.1723517905,
    "textcat_multilabel_loss":0.4427210413
  }
}