{
  "lang":"en",
  "name":"pipeline",
  "version":"0.0.0",
  "spacy_version":">=3.7.6,<3.8.0",
  "description":"",
  "author":"",
  "email":"",
  "url":"",
  "license":"",
  "spacy_git_version":"319e025",
  "vectors":{
    "width":0,
    "vectors":0,
    "keys":0,
    "name":null,
    "mode":"default"
  },
  "labels":{
    "tok2vec":[

    ],
    "textcat_multilabel":[
      "Radioligand binding (BAO_0002776)",
      "Binding (BAO_0002989)",
      "Protein activity (BAO_0013016)",
      "in vivo method (BAO_0040021)",
      "Cell phenotype (BAO_0002542)",
      "Nucleic acid binding",
      "Antimicrobial activity"
    ]
  },
  "pipeline":[
    "tok2vec",
    "textcat_multilabel"
  ],
  "components":[
    "tok2vec",
    "textcat_multilabel"
  ],
  "disabled":[

  ],
  "performance":{
    "cats_score":0.9779368896,
    "cats_score_desc":"macro AUC",
    "cats_micro_p":0.8742138365,
    "cats_micro_r":0.8034682081,
    "cats_micro_f":0.8373493976,
    "cats_macro_p":0.9073051948,
    "cats_macro_r":0.7933211023,
    "cats_macro_f":0.8406163731,
    "cats_macro_auc":0.9779368896,
    "cats_f_per_type":{
      "Radioligand binding (BAO_0002776)":{
        "p":1.0,
        "r":0.7272727273,
        "f":0.8421052632
      },
      "Binding (BAO_0002989)":{
        "p":0.8125,
        "r":0.8965517241,
        "f":0.8524590164
      },
      "Protein activity (BAO_0013016)":{
        "p":0.696969697,
        "r":0.7666666667,
        "f":0.7301587302
      },
      "in vivo method (BAO_0040021)":{
        "p":1.0,
        "r":0.7272727273,
        "f":0.8421052632
      },
      "Cell phenotype (BAO_0002542)":{
        "p":0.875,
        "r":0.7,
        "f":0.7777777778
      },
      "Nucleic acid binding":{
        "p":0.9666666667,
        "r":0.935483871,
        "f":0.9508196721
      },
      "Antimicrobial activity":{
        "p":1.0,
        "r":0.8,
        "f":0.8888888889
      }
    },
    "cats_macro_auc_per_type":0.0,
    "tok2vec_loss":27.3755648262,
    "textcat_multilabel_loss":1.0783514746
  }
}