{
  "token_acc":1.0,
  "token_p":1.0,
  "token_r":1.0,
  "token_f":1.0,
  "ents_p":0.8876404494,
  "ents_r":0.9404761905,
  "ents_f":0.9132947977,
  "ents_per_type":{
    "METHOD":{
      "p":0.8876404494,
      "r":0.9404761905,
      "f":0.9132947977
    }
  },
  "speed":32158.1036041294
}