{
  "lang":"en",
  "name":"pipeline",
  "version":"0.0.0",
  "spacy_version":">=3.7.6,<3.8.0",
  "description":"",
  "author":"",
  "email":"",
  "url":"",
  "license":"",
  "spacy_git_version":"319e025",
  "vectors":{
    "width":0,
    "vectors":0,
    "keys":0,
    "name":null,
    "mode":"default"
  },
  "labels":{
    "tok2vec":[

    ],
    "textcat_multilabel":[
      "Radioligand binding (BAO_0002776)",
      "Binding (BAO_0002989)",
      "Protein activity (BAO_0013016)",
      "in vivo method (BAO_0040021)",
      "Cell phenotype (BAO_0002542)",
      "Nucleic acid binding",
      "Antimicrobial activity"
    ]
  },
  "pipeline":[
    "tok2vec",
    "textcat_multilabel"
  ],
  "components":[
    "tok2vec",
    "textcat_multilabel"
  ],
  "disabled":[

  ],
  "performance":{
    "cats_score":0.9802552477,
    "cats_score_desc":"macro AUC",
    "cats_micro_p":0.9197530864,
    "cats_micro_r":0.8662790698,
    "cats_micro_f":0.8922155689,
    "cats_macro_p":0.9143449283,
    "cats_macro_r":0.8659281105,
    "cats_macro_f":0.8869887997,
    "cats_macro_auc":0.9802552477,
    "cats_f_per_type":{
      "Radioligand binding (BAO_0002776)":{
        "p":1.0,
        "r":0.9655172414,
        "f":0.9824561404
      },
      "Binding (BAO_0002989)":{
        "p":0.8095238095,
        "r":0.9444444444,
        "f":0.8717948718
      },
      "Protein activity (BAO_0013016)":{
        "p":0.8461538462,
        "r":0.6875,
        "f":0.7586206897
      },
      "in vivo method (BAO_0040021)":{
        "p":1.0,
        "r":0.8571428571,
        "f":0.9230769231
      },
      "Cell phenotype (BAO_0002542)":{
        "p":0.85,
        "r":0.85,
        "f":0.85
      },
      "Nucleic acid binding":{
        "p":1.0,
        "r":0.9473684211,
        "f":0.972972973
      },
      "Antimicrobial activity":{
        "p":0.8947368421,
        "r":0.8095238095,
        "f":0.85
      }
    },
    "cats_macro_auc_per_type":0.0,
    "tok2vec_loss":2.3280743503,
    "textcat_multilabel_loss":0.0464699853
  }
}