{
  "lang":"en",
  "name":"pipeline",
  "version":"0.0.0",
  "spacy_version":">=3.7.6,<3.8.0",
  "description":"",
  "author":"",
  "email":"",
  "url":"",
  "license":"",
  "spacy_git_version":"319e025",
  "vectors":{
    "width":0,
    "vectors":0,
    "keys":0,
    "name":null,
    "mode":"default"
  },
  "labels":{
    "tok2vec":[

    ],
    "textcat_multilabel":[
      "Radioligand binding (BAO_0002776)",
      "Binding (BAO_0002989)",
      "Protein activity (BAO_0013016)",
      "in vivo method (BAO_0040021)",
      "Cell phenotype (BAO_0002542)",
      "Nucleic acid binding",
      "Antimicrobial activity"
    ]
  },
  "pipeline":[
    "tok2vec",
    "textcat_multilabel"
  ],
  "components":[
    "tok2vec",
    "textcat_multilabel"
  ],
  "disabled":[

  ],
  "performance":{
    "cats_score":0.974701691,
    "cats_score_desc":"macro AUC",
    "cats_micro_p":0.8957055215,
    "cats_micro_r":0.8488372093,
    "cats_micro_f":0.871641791,
    "cats_macro_p":0.90991014,
    "cats_macro_r":0.853681939,
    "cats_macro_f":0.8767026234,
    "cats_macro_auc":0.974701691,
    "cats_f_per_type":{
      "Radioligand binding (BAO_0002776)":{
        "p":0.9545454545,
        "r":0.9545454545,
        "f":0.9545454545
      },
      "Binding (BAO_0002989)":{
        "p":0.8461538462,
        "r":0.8461538462,
        "f":0.8461538462
      },
      "Protein activity (BAO_0013016)":{
        "p":0.7666666667,
        "r":0.696969697,
        "f":0.7301587302
      },
      "in vivo method (BAO_0040021)":{
        "p":1.0,
        "r":0.7058823529,
        "f":0.8275862069
      },
      "Cell phenotype (BAO_0002542)":{
        "p":0.9523809524,
        "r":0.8,
        "f":0.8695652174
      },
      "Nucleic acid binding":{
        "p":0.9210526316,
        "r":0.9722222222,
        "f":0.9459459459
      },
      "Antimicrobial activity":{
        "p":0.9285714286,
        "r":1.0,
        "f":0.962962963
      }
    },
    "cats_macro_auc_per_type":0.0,
    "tok2vec_loss":1.420872821,
    "textcat_multilabel_loss":0.1018195993
  }
}