{
  "token_acc":1.0,
  "token_p":1.0,
  "token_r":1.0,
  "token_f":1.0,
  "ents_p":0.9651162791,
  "ents_r":0.9325842697,
  "ents_f":0.9485714286,
  "ents_per_type":{
    "METHOD":{
      "p":0.9651162791,
      "r":0.9325842697,
      "f":0.9485714286
    }
  },
  "speed":33199.5900819643
}