{
  "lang":"en",
  "name":"pipeline",
  "version":"0.0.0",
  "spacy_version":">=3.7.6,<3.8.0",
  "description":"",
  "author":"",
  "email":"",
  "url":"",
  "license":"",
  "spacy_git_version":"319e025",
  "vectors":{
    "width":0,
    "vectors":0,
    "keys":0,
    "name":null,
    "mode":"default"
  },
  "labels":{
    "tok2vec":[

    ],
    "textcat_multilabel":[
      "Radioligand binding (BAO_0002776)",
      "Binding (BAO_0002989)",
      "Protein activity (BAO_0013016)",
      "in vivo method (BAO_0040021)",
      "Cell phenotype (BAO_0002542)",
      "Nucleic acid binding",
      "Antimicrobial activity"
    ]
  },
  "pipeline":[
    "tok2vec",
    "textcat_multilabel"
  ],
  "components":[
    "tok2vec",
    "textcat_multilabel"
  ],
  "disabled":[

  ],
  "performance":{
    "cats_score":0.9795954994,
    "cats_score_desc":"macro AUC",
    "cats_micro_p":0.9320987654,
    "cats_micro_r":0.8728323699,
    "cats_micro_f":0.9014925373,
    "cats_macro_p":0.9427166818,
    "cats_macro_r":0.8642391167,
    "cats_macro_f":0.9003263249,
    "cats_macro_auc":0.9795954994,
    "cats_f_per_type":{
      "Radioligand binding (BAO_0002776)":{
        "p":0.9230769231,
        "r":0.75,
        "f":0.8275862069
      },
      "Binding (BAO_0002989)":{
        "p":0.8857142857,
        "r":0.9117647059,
        "f":0.8985507246
      },
      "Protein activity (BAO_0013016)":{
        "p":0.9285714286,
        "r":0.8125,
        "f":0.8666666667
      },
      "in vivo method (BAO_0040021)":{
        "p":1.0,
        "r":0.8823529412,
        "f":0.9375
      },
      "Cell phenotype (BAO_0002542)":{
        "p":0.9473684211,
        "r":0.8571428571,
        "f":0.9
      },
      "Nucleic acid binding":{
        "p":0.9142857143,
        "r":0.9411764706,
        "f":0.9275362319
      },
      "Antimicrobial activity":{
        "p":1.0,
        "r":0.8947368421,
        "f":0.9444444444
      }
    },
    "cats_macro_auc_per_type":0.0,
    "tok2vec_loss":3.1846502294,
    "textcat_multilabel_loss":0.0354482131
  }
}