{
  "lang":"en",
  "name":"pipeline",
  "version":"0.0.0",
  "spacy_version":">=3.7.6,<3.8.0",
  "description":"",
  "author":"",
  "email":"",
  "url":"",
  "license":"",
  "spacy_git_version":"319e025",
  "vectors":{
    "width":0,
    "vectors":0,
    "keys":0,
    "name":null,
    "mode":"default"
  },
  "labels":{
    "tok2vec":[

    ],
    "textcat_multilabel":[
      "Radioligand binding (BAO_0002776)",
      "Binding (BAO_0002989)",
      "Protein activity (BAO_0013016)",
      "in vivo method (BAO_0040021)",
      "Cell phenotype (BAO_0002542)",
      "Nucleic acid binding",
      "Antimicrobial activity"
    ]
  },
  "pipeline":[
    "tok2vec",
    "textcat_multilabel"
  ],
  "components":[
    "tok2vec",
    "textcat_multilabel"
  ],
  "disabled":[

  ],
  "performance":{
    "cats_score":0.9833424297,
    "cats_score_desc":"macro AUC",
    "cats_micro_p":0.9101796407,
    "cats_micro_r":0.8786127168,
    "cats_micro_f":0.8941176471,
    "cats_macro_p":0.9259981572,
    "cats_macro_r":0.8810296846,
    "cats_macro_f":0.9006409512,
    "cats_macro_auc":0.9833424297,
    "cats_f_per_type":{
      "Radioligand binding (BAO_0002776)":{
        "p":0.875,
        "r":0.9545454545,
        "f":0.9130434783
      },
      "Binding (BAO_0002989)":{
        "p":0.90625,
        "r":0.8285714286,
        "f":0.8656716418
      },
      "Protein activity (BAO_0013016)":{
        "p":0.8484848485,
        "r":0.8,
        "f":0.8235294118
      },
      "in vivo method (BAO_0040021)":{
        "p":1.0,
        "r":0.9090909091,
        "f":0.9523809524
      },
      "Cell phenotype (BAO_0002542)":{
        "p":1.0,
        "r":0.8,
        "f":0.8888888889
      },
      "Nucleic acid binding":{
        "p":0.9189189189,
        "r":1.0,
        "f":0.9577464789
      },
      "Antimicrobial activity":{
        "p":0.9333333333,
        "r":0.875,
        "f":0.9032258065
      }
    },
    "cats_macro_auc_per_type":0.0,
    "tok2vec_loss":25.5191074386,
    "textcat_multilabel_loss":1.1028183528
  }
}