{
  "token_acc":1.0,
  "token_p":1.0,
  "token_r":1.0,
  "token_f":1.0,
  "cats_score":0.993272389,
  "cats_score_desc":"macro AUC",
  "cats_micro_p":0.9367088608,
  "cats_micro_r":0.8604651163,
  "cats_micro_f":0.896969697,
  "cats_macro_p":0.9421667394,
  "cats_macro_r":0.8685223929,
  "cats_macro_f":0.9017596439,
  "cats_macro_auc":0.993272389,
  "cats_f_per_type":{
    "Radioligand binding (BAO_0002776)":{
      "p":1.0,
      "r":0.95,
      "f":0.9743589744
    },
    "Binding (BAO_0002989)":{
      "p":0.9565217391,
      "r":0.88,
      "f":0.9166666667
    },
    "Protein activity (BAO_0013016)":{
      "p":0.9032258065,
      "r":0.8,
      "f":0.8484848485
    },
    "in vivo method (BAO_0040021)":{
      "p":1.0,
      "r":1.0,
      "f":1.0
    },
    "Cell phenotype (BAO_0002542)":{
      "p":0.7894736842,
      "r":0.7894736842,
      "f":0.7894736842
    },
    "Nucleic acid binding":{
      "p":0.9459459459,
      "r":0.9210526316,
      "f":0.9333333333
    },
    "Antimicrobial activity":{
      "p":1.0,
      "r":0.7391304348,
      "f":0.85
    }
  },
  "cats_auc_per_type":{
    "Radioligand binding (BAO_0002776)":0.9996710526,
    "Binding (BAO_0002989)":0.9970068027,
    "Protein activity (BAO_0013016)":0.9762252346,
    "in vivo method (BAO_0040021)":1.0,
    "Cell phenotype (BAO_0002542)":0.9869281046,
    "Nucleic acid binding":0.9980361351,
    "Antimicrobial activity":0.9950393931
  },
  "speed":28492.2130974163
}