{
  "lang":"en",
  "name":"pipeline",
  "version":"0.0.0",
  "spacy_version":">=3.7.6,<3.8.0",
  "description":"",
  "author":"",
  "email":"",
  "url":"",
  "license":"",
  "spacy_git_version":"319e025",
  "vectors":{
    "width":0,
    "vectors":0,
    "keys":0,
    "name":null,
    "mode":"default"
  },
  "labels":{
    "tok2vec":[

    ],
    "textcat_multilabel":[
      "Radioligand binding (BAO_0002776)",
      "Binding (BAO_0002989)",
      "Protein activity (BAO_0013016)",
      "in vivo method (BAO_0040021)",
      "Cell phenotype (BAO_0002542)",
      "Nucleic acid binding",
      "Antimicrobial activity"
    ]
  },
  "pipeline":[
    "tok2vec",
    "textcat_multilabel"
  ],
  "components":[
    "tok2vec",
    "textcat_multilabel"
  ],
  "disabled":[

  ],
  "performance":{
    "cats_score":0.9798184934,
    "cats_score_desc":"macro AUC",
    "cats_micro_p":0.8975903614,
    "cats_micro_r":0.8612716763,
    "cats_micro_f":0.8790560472,
    "cats_macro_p":0.905360298,
    "cats_macro_r":0.8582141668,
    "cats_macro_f":0.8790610116,
    "cats_macro_auc":0.9798184934,
    "cats_f_per_type":{
      "Radioligand binding (BAO_0002776)":{
        "p":0.9047619048,
        "r":0.9047619048,
        "f":0.9047619048
      },
      "Binding (BAO_0002989)":{
        "p":0.84,
        "r":0.84,
        "f":0.84
      },
      "Protein activity (BAO_0013016)":{
        "p":0.8461538462,
        "r":0.8461538462,
        "f":0.8461538462
      },
      "in vivo method (BAO_0040021)":{
        "p":0.9230769231,
        "r":0.9230769231,
        "f":0.9230769231
      },
      "Cell phenotype (BAO_0002542)":{
        "p":0.9411764706,
        "r":0.7619047619,
        "f":0.8421052632
      },
      "Nucleic acid binding":{
        "p":0.9411764706,
        "r":0.9696969697,
        "f":0.9552238806
      },
      "Antimicrobial activity":{
        "p":0.9411764706,
        "r":0.7619047619,
        "f":0.8421052632
      }
    },
    "cats_macro_auc_per_type":0.0,
    "tok2vec_loss":10.293263264,
    "textcat_multilabel_loss":0.3310958211
  }
}