{
  "lang":"en",
  "name":"pipeline",
  "version":"0.0.0",
  "spacy_version":">=3.7.6,<3.8.0",
  "description":"",
  "author":"",
  "email":"",
  "url":"",
  "license":"",
  "spacy_git_version":"319e025",
  "vectors":{
    "width":0,
    "vectors":0,
    "keys":0,
    "name":null,
    "mode":"default"
  },
  "labels":{
    "tok2vec":[

    ],
    "textcat_multilabel":[
      "Radioligand binding (BAO_0002776)",
      "Binding (BAO_0002989)",
      "Protein activity (BAO_0013016)",
      "in vivo method (BAO_0040021)",
      "Cell phenotype (BAO_0002542)",
      "Nucleic acid binding",
      "Antimicrobial activity"
    ]
  },
  "pipeline":[
    "tok2vec",
    "textcat_multilabel"
  ],
  "components":[
    "tok2vec",
    "textcat_multilabel"
  ],
  "disabled":[

  ],
  "performance":{
    "cats_score":0.9696733699,
    "cats_score_desc":"macro AUC",
    "cats_micro_p":0.8834355828,
    "cats_micro_r":0.8323699422,
    "cats_micro_f":0.8571428571,
    "cats_macro_p":0.8891365951,
    "cats_macro_r":0.8322532921,
    "cats_macro_f":0.8567929047,
    "cats_macro_auc":0.9696733699,
    "cats_f_per_type":{
      "Radioligand binding (BAO_0002776)":{
        "p":0.9411764706,
        "r":0.8,
        "f":0.8648648649
      },
      "Binding (BAO_0002989)":{
        "p":0.8620689655,
        "r":0.9615384615,
        "f":0.9090909091
      },
      "Protein activity (BAO_0013016)":{
        "p":0.8275862069,
        "r":0.6666666667,
        "f":0.7384615385
      },
      "in vivo method (BAO_0040021)":{
        "p":0.9090909091,
        "r":0.7692307692,
        "f":0.8333333333
      },
      "Cell phenotype (BAO_0002542)":{
        "p":0.8,
        "r":0.8695652174,
        "f":0.8333333333
      },
      "Nucleic acid binding":{
        "p":0.9428571429,
        "r":0.9166666667,
        "f":0.9295774648
      },
      "Antimicrobial activity":{
        "p":0.9411764706,
        "r":0.8421052632,
        "f":0.8888888889
      }
    },
    "cats_macro_auc_per_type":0.0,
    "tok2vec_loss":12.0313286309,
    "textcat_multilabel_loss":0.2899846971
  }
}