{
  "token_acc":1.0,
  "token_p":1.0,
  "token_r":1.0,
  "token_f":1.0,
  "cats_score":0.9826336386,
  "cats_score_desc":"macro AUC",
  "cats_micro_p":0.9192546584,
  "cats_micro_r":0.8554913295,
  "cats_micro_f":0.8862275449,
  "cats_macro_p":0.9314316636,
  "cats_macro_r":0.8662413516,
  "cats_macro_f":0.8964908985,
  "cats_macro_auc":0.9826336386,
  "cats_f_per_type":{
    "Radioligand binding (BAO_0002776)":{
      "p":0.9047619048,
      "r":0.8636363636,
      "f":0.8837209302
    },
    "Binding (BAO_0002989)":{
      "p":0.9545454545,
      "r":0.75,
      "f":0.84
    },
    "Protein activity (BAO_0013016)":{
      "p":0.8333333333,
      "r":0.8139534884,
      "f":0.8235294118
    },
    "in vivo method (BAO_0040021)":{
      "p":1.0,
      "r":0.9285714286,
      "f":0.962962963
    },
    "Cell phenotype (BAO_0002542)":{
      "p":0.9523809524,
      "r":0.8695652174,
      "f":0.9090909091
    },
    "Nucleic acid binding":{
      "p":1.0,
      "r":0.962962963,
      "f":0.9811320755
    },
    "Antimicrobial activity":{
      "p":0.875,
      "r":0.875,
      "f":0.875
    }
  },
  "cats_auc_per_type":{
    "Radioligand binding (BAO_0002776)":0.9975918122,
    "Binding (BAO_0002989)":0.975862069,
    "Protein activity (BAO_0013016)":0.9615384615,
    "in vivo method (BAO_0040021)":1.0,
    "Cell phenotype (BAO_0002542)":0.975942029,
    "Nucleic acid binding":0.9997463217,
    "Antimicrobial activity":0.9677547771
  },
  "speed":28199.7626961662
}