{
  "token_acc":1.0,
  "token_p":1.0,
  "token_r":1.0,
  "token_f":1.0,
  "cats_score":0.9779368896,
  "cats_score_desc":"macro AUC",
  "cats_micro_p":0.8742138365,
  "cats_micro_r":0.8034682081,
  "cats_micro_f":0.8373493976,
  "cats_macro_p":0.9073051948,
  "cats_macro_r":0.7933211023,
  "cats_macro_f":0.8406163731,
  "cats_macro_auc":0.9779368896,
  "cats_f_per_type":{
    "Radioligand binding (BAO_0002776)":{
      "p":1.0,
      "r":0.7272727273,
      "f":0.8421052632
    },
    "Binding (BAO_0002989)":{
      "p":0.8125,
      "r":0.8965517241,
      "f":0.8524590164
    },
    "Protein activity (BAO_0013016)":{
      "p":0.696969697,
      "r":0.7666666667,
      "f":0.7301587302
    },
    "in vivo method (BAO_0040021)":{
      "p":1.0,
      "r":0.7272727273,
      "f":0.8421052632
    },
    "Cell phenotype (BAO_0002542)":{
      "p":0.875,
      "r":0.7,
      "f":0.7777777778
    },
    "Nucleic acid binding":{
      "p":0.9666666667,
      "r":0.935483871,
      "f":0.9508196721
    },
    "Antimicrobial activity":{
      "p":1.0,
      "r":0.8,
      "f":0.8888888889
    }
  },
  "cats_auc_per_type":{
    "Radioligand binding (BAO_0002776)":0.9771222155,
    "Binding (BAO_0002989)":0.9844348659,
    "Protein activity (BAO_0013016)":0.9585081585,
    "in vivo method (BAO_0040021)":0.9584736251,
    "Cell phenotype (BAO_0002542)":0.9773892774,
    "Nucleic acid binding":0.9968196274,
    "Antimicrobial activity":0.9928104575
  },
  "speed":10952.0166280267
}