{
  "token_acc":1.0,
  "token_p":1.0,
  "token_r":1.0,
  "token_f":1.0,
  "ents_p":0.9540229885,
  "ents_r":0.9120879121,
  "ents_f":0.9325842697,
  "ents_per_type":{
    "METHOD":{
      "p":0.9540229885,
      "r":0.9120879121,
      "f":0.9325842697
    }
  },
  "speed":31959.933012011
}