{
  "token_acc":1.0,
  "token_p":1.0,
  "token_r":1.0,
  "token_f":1.0,
  "ents_p":0.9263157895,
  "ents_r":0.9777777778,
  "ents_f":0.9513513514,
  "ents_per_type":{
    "METHOD":{
      "p":0.9263157895,
      "r":0.9777777778,
      "f":0.9513513514
    }
  },
  "speed":26747.4627862154
}