{
  "lang":"en",
  "name":"pipeline",
  "version":"0.0.0",
  "spacy_version":">=3.7.6,<3.8.0",
  "description":"",
  "author":"",
  "email":"",
  "url":"",
  "license":"",
  "spacy_git_version":"319e025",
  "vectors":{
    "width":0,
    "vectors":0,
    "keys":0,
    "name":null,
    "mode":"default"
  },
  "labels":{
    "tok2vec":[

    ],
    "textcat_multilabel":[
      "Radioligand binding (BAO_0002776)",
      "Binding (BAO_0002989)",
      "Protein activity (BAO_0013016)",
      "in vivo method (BAO_0040021)",
      "Cell phenotype (BAO_0002542)",
      "Nucleic acid binding",
      "Antimicrobial activity"
    ]
  },
  "pipeline":[
    "tok2vec",
    "textcat_multilabel"
  ],
  "components":[
    "tok2vec",
    "textcat_multilabel"
  ],
  "disabled":[

  ],
  "performance":{
    "cats_score":0.9843675677,
    "cats_score_desc":"macro AUC",
    "cats_micro_p":0.9096385542,
    "cats_micro_r":0.8728323699,
    "cats_micro_f":0.8908554572,
    "cats_macro_p":0.9191808789,
    "cats_macro_r":0.8844920447,
    "cats_macro_f":0.898968926,
    "cats_macro_auc":0.9843675677,
    "cats_f_per_type":{
      "Radioligand binding (BAO_0002776)":{
        "p":0.9259259259,
        "r":1.0,
        "f":0.9615384615
      },
      "Binding (BAO_0002989)":{
        "p":0.8461538462,
        "r":0.8148148148,
        "f":0.8301886792
      },
      "Protein activity (BAO_0013016)":{
        "p":0.8611111111,
        "r":0.7948717949,
        "f":0.8266666667
      },
      "in vivo method (BAO_0040021)":{
        "p":1.0,
        "r":1.0,
        "f":1.0
      },
      "Cell phenotype (BAO_0002542)":{
        "p":0.8333333333,
        "r":0.8823529412,
        "f":0.8571428571
      },
      "Nucleic acid binding":{
        "p":0.9677419355,
        "r":0.9375,
        "f":0.9523809524
      },
      "Antimicrobial activity":{
        "p":1.0,
        "r":0.7619047619,
        "f":0.8648648649
      }
    },
    "cats_macro_auc_per_type":0.0,
    "tok2vec_loss":14.7825311103,
    "textcat_multilabel_loss":0.5520772912
  }
}