{
  "token_acc":1.0,
  "token_p":1.0,
  "token_r":1.0,
  "token_f":1.0,
  "ents_p":0.9494949495,
  "ents_r":0.9494949495,
  "ents_f":0.9494949495,
  "ents_per_type":{
    "METHOD":{
      "p":0.9494949495,
      "r":0.9494949495,
      "f":0.9494949495
    }
  },
  "speed":32146.1343239796
}