{
  "lang":"en",
  "name":"pipeline",
  "version":"0.0.0",
  "spacy_version":">=3.7.6,<3.8.0",
  "description":"",
  "author":"",
  "email":"",
  "url":"",
  "license":"",
  "spacy_git_version":"319e025",
  "vectors":{
    "width":0,
    "vectors":0,
    "keys":0,
    "name":null,
    "mode":"default"
  },
  "labels":{
    "tok2vec":[

    ],
    "textcat_multilabel":[
      "Radioligand binding (BAO_0002776)",
      "Binding (BAO_0002989)",
      "Protein activity (BAO_0013016)",
      "in vivo method (BAO_0040021)",
      "Cell phenotype (BAO_0002542)",
      "Nucleic acid binding",
      "Antimicrobial activity"
    ]
  },
  "pipeline":[
    "tok2vec",
    "textcat_multilabel"
  ],
  "components":[
    "tok2vec",
    "textcat_multilabel"
  ],
  "disabled":[

  ],
  "performance":{
    "cats_score":0.9890158681,
    "cats_score_desc":"macro AUC",
    "cats_micro_p":0.9411764706,
    "cats_micro_r":0.9248554913,
    "cats_micro_f":0.9329446064,
    "cats_macro_p":0.9531444065,
    "cats_macro_r":0.9292342531,
    "cats_macro_f":0.9390482561,
    "cats_macro_auc":0.9890158681,
    "cats_f_per_type":{
      "Radioligand binding (BAO_0002776)":{
        "p":1.0,
        "r":0.8620689655,
        "f":0.9259259259
      },
      "Binding (BAO_0002989)":{
        "p":0.962962963,
        "r":0.962962963,
        "f":0.962962963
      },
      "Protein activity (BAO_0013016)":{
        "p":0.9117647059,
        "r":0.9117647059,
        "f":0.9117647059
      },
      "in vivo method (BAO_0040021)":{
        "p":1.0,
        "r":1.0,
        "f":1.0
      },
      "Cell phenotype (BAO_0002542)":{
        "p":0.8275862069,
        "r":0.96,
        "f":0.8888888889
      },
      "Nucleic acid binding":{
        "p":0.9696969697,
        "r":0.9411764706,
        "f":0.9552238806
      },
      "Antimicrobial activity":{
        "p":1.0,
        "r":0.8666666667,
        "f":0.9285714286
      }
    },
    "cats_macro_auc_per_type":0.0,
    "tok2vec_loss":5.6649972307,
    "textcat_multilabel_loss":0.0579710745
  }
}