{
  "token_acc":1.0,
  "token_p":1.0,
  "token_r":1.0,
  "token_f":1.0,
  "ents_p":0.932038835,
  "ents_r":0.96,
  "ents_f":0.9458128079,
  "ents_per_type":{
    "METHOD":{
      "p":0.932038835,
      "r":0.96,
      "f":0.9458128079
    }
  },
  "speed":20457.0508836346
}