{
  "token_acc":1.0,
  "token_p":1.0,
  "token_r":1.0,
  "token_f":1.0,
  "cats_score":0.9925602165,
  "cats_score_desc":"macro AUC",
  "cats_micro_p":0.950310559,
  "cats_micro_r":0.8843930636,
  "cats_micro_f":0.9161676647,
  "cats_macro_p":0.95399827,
  "cats_macro_r":0.8738828865,
  "cats_macro_f":0.9109051437,
  "cats_macro_auc":0.9925602165,
  "cats_f_per_type":{
    "Radioligand binding (BAO_0002776)":{
      "p":0.9411764706,
      "r":0.8888888889,
      "f":0.9142857143
    },
    "Binding (BAO_0002989)":{
      "p":0.9615384615,
      "r":0.8333333333,
      "f":0.8928571429
    },
    "Protein activity (BAO_0013016)":{
      "p":0.9677419355,
      "r":0.8571428571,
      "f":0.9090909091
    },
    "in vivo method (BAO_0040021)":{
      "p":1.0,
      "r":0.8571428571,
      "f":0.9230769231
    },
    "Cell phenotype (BAO_0002542)":{
      "p":0.9473684211,
      "r":0.8571428571,
      "f":0.9
    },
    "Nucleic acid binding":{
      "p":0.9268292683,
      "r":1.0,
      "f":0.9620253165
    },
    "Antimicrobial activity":{
      "p":0.9333333333,
      "r":0.8235294118,
      "f":0.875
    }
  },
  "cats_auc_per_type":{
    "Radioligand binding (BAO_0002776)":0.9985663082,
    "Binding (BAO_0002989)":0.9792540793,
    "Protein activity (BAO_0013016)":0.9890269151,
    "in vivo method (BAO_0040021)":0.9991015274,
    "Cell phenotype (BAO_0002542)":0.9884085213,
    "Nucleic acid binding":0.9992202729,
    "Antimicrobial activity":0.9943438914
  },
  "speed":27829.7497001468
}