{
  "token_acc":1.0,
  "token_p":1.0,
  "token_r":1.0,
  "token_f":1.0,
  "ents_p":0.9191919192,
  "ents_r":0.91,
  "ents_f":0.9145728643,
  "ents_per_type":{
    "METHOD":{
      "p":0.9191919192,
      "r":0.91,
      "f":0.9145728643
    }
  },
  "speed":33266.1883449946
}