{
  "lang":"en",
  "name":"pipeline",
  "version":"0.0.0",
  "spacy_version":">=3.7.6,<3.8.0",
  "description":"",
  "author":"",
  "email":"",
  "url":"",
  "license":"",
  "spacy_git_version":"319e025",
  "vectors":{
    "width":0,
    "vectors":0,
    "keys":0,
    "name":null,
    "mode":"default"
  },
  "labels":{
    "tok2vec":[

    ],
    "textcat_multilabel":[
      "Radioligand binding (BAO_0002776)",
      "Binding (BAO_0002989)",
      "Protein activity (BAO_0013016)",
      "in vivo method (BAO_0040021)",
      "Cell phenotype (BAO_0002542)",
      "Nucleic acid binding",
      "Antimicrobial activity"
    ]
  },
  "pipeline":[
    "tok2vec",
    "textcat_multilabel"
  ],
  "components":[
    "tok2vec",
    "textcat_multilabel"
  ],
  "disabled":[

  ],
  "performance":{
    "cats_score":0.9768211835,
    "cats_score_desc":"macro AUC",
    "cats_micro_p":0.8805031447,
    "cats_micro_r":0.8092485549,
    "cats_micro_f":0.843373494,
    "cats_macro_p":0.911085444,
    "cats_macro_r":0.8004639595,
    "cats_macro_f":0.8463837471,
    "cats_macro_auc":0.9768211835,
    "cats_f_per_type":{
      "Radioligand binding (BAO_0002776)":{
        "p":1.0,
        "r":0.7272727273,
        "f":0.8421052632
      },
      "Binding (BAO_0002989)":{
        "p":0.8666666667,
        "r":0.8965517241,
        "f":0.8813559322
      },
      "Protein activity (BAO_0013016)":{
        "p":0.7058823529,
        "r":0.8,
        "f":0.75
      },
      "in vivo method (BAO_0040021)":{
        "p":1.0,
        "r":0.7272727273,
        "f":0.8421052632
      },
      "Cell phenotype (BAO_0002542)":{
        "p":0.8695652174,
        "r":0.6666666667,
        "f":0.7547169811
      },
      "Nucleic acid binding":{
        "p":0.935483871,
        "r":0.935483871,
        "f":0.935483871
      },
      "Antimicrobial activity":{
        "p":1.0,
        "r":0.85,
        "f":0.9189189189
      }
    },
    "cats_macro_auc_per_type":0.0,
    "tok2vec_loss":6.5774197905,
    "textcat_multilabel_loss":0.1592825504
  }
}