{
  "lang":"en",
  "name":"pipeline",
  "version":"0.0.0",
  "spacy_version":">=3.7.6,<3.8.0",
  "description":"",
  "author":"",
  "email":"",
  "url":"",
  "license":"",
  "spacy_git_version":"319e025",
  "vectors":{
    "width":0,
    "vectors":0,
    "keys":0,
    "name":null,
    "mode":"default"
  },
  "labels":{
    "tok2vec":[

    ],
    "textcat_multilabel":[
      "Radioligand binding (BAO_0002776)",
      "Binding (BAO_0002989)",
      "Protein activity (BAO_0013016)",
      "in vivo method (BAO_0040021)",
      "Cell phenotype (BAO_0002542)",
      "Nucleic acid binding",
      "Antimicrobial activity"
    ]
  },
  "pipeline":[
    "tok2vec",
    "textcat_multilabel"
  ],
  "components":[
    "tok2vec",
    "textcat_multilabel"
  ],
  "disabled":[

  ],
  "performance":{
    "cats_score":0.9751178189,
    "cats_score_desc":"macro AUC",
    "cats_micro_p":0.8975903614,
    "cats_micro_r":0.8612716763,
    "cats_micro_f":0.8790560472,
    "cats_macro_p":0.9065511596,
    "cats_macro_r":0.8409849108,
    "cats_macro_f":0.8663081533,
    "cats_macro_auc":0.9751178189,
    "cats_f_per_type":{
      "Radioligand binding (BAO_0002776)":{
        "p":0.9523809524,
        "r":0.8333333333,
        "f":0.8888888889
      },
      "Binding (BAO_0002989)":{
        "p":0.8620689655,
        "r":0.9259259259,
        "f":0.8928571429
      },
      "Protein activity (BAO_0013016)":{
        "p":0.7878787879,
        "r":0.8387096774,
        "f":0.8125
      },
      "in vivo method (BAO_0040021)":{
        "p":1.0,
        "r":0.625,
        "f":0.7692307692
      },
      "Cell phenotype (BAO_0002542)":{
        "p":0.92,
        "r":0.9583333333,
        "f":0.9387755102
      },
      "Nucleic acid binding":{
        "p":1.0,
        "r":0.96875,
        "f":0.9841269841
      },
      "Antimicrobial activity":{
        "p":0.8235294118,
        "r":0.7368421053,
        "f":0.7777777778
      }
    },
    "cats_macro_auc_per_type":0.0,
    "tok2vec_loss":5.235965705,
    "textcat_multilabel_loss":0.1014251134
  }
}