{
  "token_acc":1.0,
  "token_p":1.0,
  "token_r":1.0,
  "token_f":1.0,
  "ents_p":0.9540229885,
  "ents_r":0.9540229885,
  "ents_f":0.9540229885,
  "ents_per_type":{
    "METHOD":{
      "p":0.9540229885,
      "r":0.9540229885,
      "f":0.9540229885
    }
  },
  "speed":12615.3797760066
}