{
  "token_acc":1.0,
  "token_p":1.0,
  "token_r":1.0,
  "token_f":1.0,
  "ents_p":0.932038835,
  "ents_r":0.9696969697,
  "ents_f":0.9504950495,
  "ents_per_type":{
    "METHOD":{
      "p":0.932038835,
      "r":0.9696969697,
      "f":0.9504950495
    }
  },
  "speed":29149.889391495
}