{
  "lang":"en",
  "name":"pipeline",
  "version":"0.0.0",
  "spacy_version":">=3.7.6,<3.8.0",
  "description":"",
  "author":"",
  "email":"",
  "url":"",
  "license":"",
  "spacy_git_version":"319e025",
  "vectors":{
    "width":0,
    "vectors":0,
    "keys":0,
    "name":null,
    "mode":"default"
  },
  "labels":{
    "tok2vec":[

    ],
    "textcat_multilabel":[
      "Radioligand binding (BAO_0002776)",
      "Binding (BAO_0002989)",
      "Protein activity (BAO_0013016)",
      "in vivo method (BAO_0040021)",
      "Cell phenotype (BAO_0002542)",
      "Nucleic acid binding",
      "Antimicrobial activity"
    ]
  },
  "pipeline":[
    "tok2vec",
    "textcat_multilabel"
  ],
  "components":[
    "tok2vec",
    "textcat_multilabel"
  ],
  "disabled":[

  ],
  "performance":{
    "cats_score":0.9770865488,
    "cats_score_desc":"macro AUC",
    "cats_micro_p":0.9192546584,
    "cats_micro_r":0.8604651163,
    "cats_micro_f":0.8888888889,
    "cats_macro_p":0.9296018407,
    "cats_macro_r":0.8658141291,
    "cats_macro_f":0.8942092093,
    "cats_macro_auc":0.9770865488,
    "cats_f_per_type":{
      "Radioligand binding (BAO_0002776)":{
        "p":1.0,
        "r":0.9090909091,
        "f":0.9523809524
      },
      "Binding (BAO_0002989)":{
        "p":0.875,
        "r":0.875,
        "f":0.875
      },
      "Protein activity (BAO_0013016)":{
        "p":0.7941176471,
        "r":0.7941176471,
        "f":0.7941176471
      },
      "in vivo method (BAO_0040021)":{
        "p":0.8666666667,
        "r":0.9285714286,
        "f":0.8965517241
      },
      "Cell phenotype (BAO_0002542)":{
        "p":1.0,
        "r":0.76,
        "f":0.8636363636
      },
      "Nucleic acid binding":{
        "p":0.9714285714,
        "r":0.9189189189,
        "f":0.9444444444
      },
      "Antimicrobial activity":{
        "p":1.0,
        "r":0.875,
        "f":0.9333333333
      }
    },
    "cats_macro_auc_per_type":0.0,
    "tok2vec_loss":6.9780766045,
    "textcat_multilabel_loss":0.1571404441
  }
}