{
  "lang":"en",
  "name":"pipeline",
  "version":"0.0.0",
  "spacy_version":">=3.7.6,<3.8.0",
  "description":"",
  "author":"",
  "email":"",
  "url":"",
  "license":"",
  "spacy_git_version":"319e025",
  "vectors":{
    "width":0,
    "vectors":0,
    "keys":0,
    "name":null,
    "mode":"default"
  },
  "labels":{
    "tok2vec":[

    ],
    "textcat_multilabel":[
      "Radioligand binding (BAO_0002776)",
      "Binding (BAO_0002989)",
      "Protein activity (BAO_0013016)",
      "in vivo method (BAO_0040021)",
      "Cell phenotype (BAO_0002542)",
      "Nucleic acid binding",
      "Antimicrobial activity"
    ]
  },
  "pipeline":[
    "tok2vec",
    "textcat_multilabel"
  ],
  "components":[
    "tok2vec",
    "textcat_multilabel"
  ],
  "disabled":[

  ],
  "performance":{
    "cats_score":0.9765290966,
    "cats_score_desc":"macro AUC",
    "cats_micro_p":0.8720930233,
    "cats_micro_r":0.8670520231,
    "cats_micro_f":0.8695652174,
    "cats_macro_p":0.8780959206,
    "cats_macro_r":0.8773518149,
    "cats_macro_f":0.8735996046,
    "cats_macro_auc":0.9765290966,
    "cats_f_per_type":{
      "Radioligand binding (BAO_0002776)":{
        "p":0.8695652174,
        "r":0.9090909091,
        "f":0.8888888889
      },
      "Binding (BAO_0002989)":{
        "p":0.8333333333,
        "r":0.5769230769,
        "f":0.6818181818
      },
      "Protein activity (BAO_0013016)":{
        "p":0.85,
        "r":0.8717948718,
        "f":0.8607594937
      },
      "in vivo method (BAO_0040021)":{
        "p":1.0,
        "r":1.0,
        "f":1.0
      },
      "Cell phenotype (BAO_0002542)":{
        "p":0.8461538462,
        "r":0.8461538462,
        "f":0.8461538462
      },
      "Nucleic acid binding":{
        "p":0.9142857143,
        "r":1.0,
        "f":0.9552238806
      },
      "Antimicrobial activity":{
        "p":0.8333333333,
        "r":0.9375,
        "f":0.8823529412
      }
    },
    "cats_macro_auc_per_type":0.0,
    "tok2vec_loss":4.8284972518,
    "textcat_multilabel_loss":0.1338779801
  }
}