{
  "token_acc":1.0,
  "token_p":1.0,
  "token_r":1.0,
  "token_f":1.0,
  "ents_p":0.9431818182,
  "ents_r":0.9120879121,
  "ents_f":0.9273743017,
  "ents_per_type":{
    "METHOD":{
      "p":0.9431818182,
      "r":0.9120879121,
      "f":0.9273743017
    }
  },
  "speed":35634.6610326732
}