{
  "lang":"en",
  "name":"pipeline",
  "version":"0.0.0",
  "spacy_version":">=3.7.6,<3.8.0",
  "description":"",
  "author":"",
  "email":"",
  "url":"",
  "license":"",
  "spacy_git_version":"319e025",
  "vectors":{
    "width":0,
    "vectors":0,
    "keys":0,
    "name":null,
    "mode":"default"
  },
  "labels":{
    "tok2vec":[

    ],
    "textcat_multilabel":[
      "Radioligand binding (BAO_0002776)",
      "Binding (BAO_0002989)",
      "Protein activity (BAO_0013016)",
      "in vivo method (BAO_0040021)",
      "Cell phenotype (BAO_0002542)",
      "Nucleic acid binding",
      "Antimicrobial activity"
    ]
  },
  "pipeline":[
    "tok2vec",
    "textcat_multilabel"
  ],
  "components":[
    "tok2vec",
    "textcat_multilabel"
  ],
  "disabled":[

  ],
  "performance":{
    "cats_score":0.9695025727,
    "cats_score_desc":"macro AUC",
    "cats_micro_p":0.9012345679,
    "cats_micro_r":0.8439306358,
    "cats_micro_f":0.871641791,
    "cats_macro_p":0.9058812121,
    "cats_macro_r":0.8297132328,
    "cats_macro_f":0.863565267,
    "cats_macro_auc":0.9695025727,
    "cats_f_per_type":{
      "Radioligand binding (BAO_0002776)":{
        "p":1.0,
        "r":0.8695652174,
        "f":0.9302325581
      },
      "Binding (BAO_0002989)":{
        "p":0.8571428571,
        "r":0.8275862069,
        "f":0.8421052632
      },
      "Protein activity (BAO_0013016)":{
        "p":0.8684210526,
        "r":0.8461538462,
        "f":0.8571428571
      },
      "in vivo method (BAO_0040021)":{
        "p":1.0,
        "r":0.7777777778,
        "f":0.875
      },
      "Cell phenotype (BAO_0002542)":{
        "p":0.7058823529,
        "r":0.8,
        "f":0.75
      },
      "Nucleic acid binding":{
        "p":0.9722222222,
        "r":0.8974358974,
        "f":0.9333333333
      },
      "Antimicrobial activity":{
        "p":0.9375,
        "r":0.7894736842,
        "f":0.8571428571
      }
    },
    "cats_macro_auc_per_type":0.0,
    "tok2vec_loss":3.156009775,
    "textcat_multilabel_loss":0.0471871305
  }
}