{
  "token_acc":1.0,
  "token_p":1.0,
  "token_r":1.0,
  "token_f":1.0,
  "ents_p":0.9545454545,
  "ents_r":0.9333333333,
  "ents_f":0.9438202247,
  "ents_per_type":{
    "METHOD":{
      "p":0.9545454545,
      "r":0.9333333333,
      "f":0.9438202247
    }
  },
  "speed":33084.8819085722
}