{
  "token_acc":1.0,
  "token_p":1.0,
  "token_r":1.0,
  "token_f":1.0,
  "ents_p":0.908045977,
  "ents_r":0.9294117647,
  "ents_f":0.9186046512,
  "ents_per_type":{
    "METHOD":{
      "p":0.908045977,
      "r":0.9294117647,
      "f":0.9186046512
    }
  },
  "speed":30785.4590397766
}