{
  "lang":"en",
  "name":"pipeline",
  "version":"0.0.0",
  "spacy_version":">=3.7.6,<3.8.0",
  "description":"",
  "author":"",
  "email":"",
  "url":"",
  "license":"",
  "spacy_git_version":"319e025",
  "vectors":{
    "width":0,
    "vectors":0,
    "keys":0,
    "name":null,
    "mode":"default"
  },
  "labels":{
    "tok2vec":[

    ],
    "textcat_multilabel":[
      "Radioligand binding (BAO_0002776)",
      "Binding (BAO_0002989)",
      "Protein activity (BAO_0013016)",
      "in vivo method (BAO_0040021)",
      "Cell phenotype (BAO_0002542)",
      "Nucleic acid binding",
      "Antimicrobial activity"
    ]
  },
  "pipeline":[
    "tok2vec",
    "textcat_multilabel"
  ],
  "components":[
    "tok2vec",
    "textcat_multilabel"
  ],
  "disabled":[

  ],
  "performance":{
    "cats_score":0.9811652269,
    "cats_score_desc":"macro AUC",
    "cats_micro_p":0.9386503067,
    "cats_micro_r":0.8843930636,
    "cats_micro_f":0.9107142857,
    "cats_macro_p":0.9493962554,
    "cats_macro_r":0.8844346949,
    "cats_macro_f":0.914486693,
    "cats_macro_auc":0.9811652269,
    "cats_f_per_type":{
      "Radioligand binding (BAO_0002776)":{
        "p":1.0,
        "r":0.8125,
        "f":0.8965517241
      },
      "Binding (BAO_0002989)":{
        "p":0.8823529412,
        "r":0.8823529412,
        "f":0.8823529412
      },
      "Protein activity (BAO_0013016)":{
        "p":0.9310344828,
        "r":0.84375,
        "f":0.8852459016
      },
      "in vivo method (BAO_0040021)":{
        "p":1.0,
        "r":0.9411764706,
        "f":0.9696969697
      },
      "Cell phenotype (BAO_0002542)":{
        "p":0.8636363636,
        "r":0.9047619048,
        "f":0.8837209302
      },
      "Nucleic acid binding":{
        "p":0.96875,
        "r":0.9117647059,
        "f":0.9393939394
      },
      "Antimicrobial activity":{
        "p":1.0,
        "r":0.8947368421,
        "f":0.9444444444
      }
    },
    "cats_macro_auc_per_type":0.0,
    "tok2vec_loss":2.6219010576,
    "textcat_multilabel_loss":0.0629382777
  }
}