{
  "token_acc":1.0,
  "token_p":1.0,
  "token_r":1.0,
  "token_f":1.0,
  "ents_p":0.9213483146,
  "ents_r":0.9647058824,
  "ents_f":0.9425287356,
  "ents_per_type":{
    "METHOD":{
      "p":0.9213483146,
      "r":0.9647058824,
      "f":0.9425287356
    }
  },
  "speed":31332.93610545
}