{
  "lang":"en",
  "name":"pipeline",
  "version":"0.0.0",
  "spacy_version":">=3.7.6,<3.8.0",
  "description":"",
  "author":"",
  "email":"",
  "url":"",
  "license":"",
  "spacy_git_version":"319e025",
  "vectors":{
    "width":0,
    "vectors":0,
    "keys":0,
    "name":null,
    "mode":"default"
  },
  "labels":{
    "tok2vec":[

    ],
    "textcat_multilabel":[
      "Radioligand binding (BAO_0002776)",
      "Binding (BAO_0002989)",
      "Protein activity (BAO_0013016)",
      "in vivo method (BAO_0040021)",
      "Cell phenotype (BAO_0002542)",
      "Nucleic acid binding",
      "Antimicrobial activity"
    ]
  },
  "pipeline":[
    "tok2vec",
    "textcat_multilabel"
  ],
  "components":[
    "tok2vec",
    "textcat_multilabel"
  ],
  "disabled":[

  ],
  "performance":{
    "cats_score":0.9886510206,
    "cats_score_desc":"macro AUC",
    "cats_micro_p":0.9254658385,
    "cats_micro_r":0.8662790698,
    "cats_micro_f":0.8948948949,
    "cats_macro_p":0.9163402735,
    "cats_macro_r":0.8560286663,
    "cats_macro_f":0.8784989253,
    "cats_macro_auc":0.9886510206,
    "cats_f_per_type":{
      "Radioligand binding (BAO_0002776)":{
        "p":0.9090909091,
        "r":1.0,
        "f":0.9523809524
      },
      "Binding (BAO_0002989)":{
        "p":1.0,
        "r":0.7272727273,
        "f":0.8421052632
      },
      "Protein activity (BAO_0013016)":{
        "p":0.8148148148,
        "r":0.8148148148,
        "f":0.8148148148
      },
      "in vivo method (BAO_0040021)":{
        "p":0.8333333333,
        "r":1.0,
        "f":0.9090909091
      },
      "Cell phenotype (BAO_0002542)":{
        "p":1.0,
        "r":0.7692307692,
        "f":0.8695652174
      },
      "Nucleic acid binding":{
        "p":1.0,
        "r":0.975,
        "f":0.9873417722
      },
      "Antimicrobial activity":{
        "p":0.8571428571,
        "r":0.7058823529,
        "f":0.7741935484
      }
    },
    "cats_macro_auc_per_type":0.0,
    "tok2vec_loss":11.8335615684,
    "textcat_multilabel_loss":0.2901804578
  }
}