{
  "lang":"en",
  "name":"pipeline",
  "version":"0.0.0",
  "spacy_version":">=3.7.6,<3.8.0",
  "description":"",
  "author":"",
  "email":"",
  "url":"",
  "license":"",
  "spacy_git_version":"319e025",
  "vectors":{
    "width":0,
    "vectors":0,
    "keys":0,
    "name":null,
    "mode":"default"
  },
  "labels":{
    "tok2vec":[

    ],
    "textcat_multilabel":[
      "Radioligand binding (BAO_0002776)",
      "Binding (BAO_0002989)",
      "Protein activity (BAO_0013016)",
      "in vivo method (BAO_0040021)",
      "Cell phenotype (BAO_0002542)",
      "Nucleic acid binding",
      "Antimicrobial activity"
    ]
  },
  "pipeline":[
    "tok2vec",
    "textcat_multilabel"
  ],
  "components":[
    "tok2vec",
    "textcat_multilabel"
  ],
  "disabled":[

  ],
  "performance":{
    "cats_score":0.9893135684,
    "cats_score_desc":"macro AUC",
    "cats_micro_p":0.9212121212,
    "cats_micro_r":0.8837209302,
    "cats_micro_f":0.9020771513,
    "cats_macro_p":0.9269643755,
    "cats_macro_r":0.8842598578,
    "cats_macro_f":0.9041407388,
    "cats_macro_auc":0.9893135684,
    "cats_f_per_type":{
      "Radioligand binding (BAO_0002776)":{
        "p":0.9583333333,
        "r":1.0,
        "f":0.9787234043
      },
      "Binding (BAO_0002989)":{
        "p":1.0,
        "r":0.8518518519,
        "f":0.92
      },
      "Protein activity (BAO_0013016)":{
        "p":0.7692307692,
        "r":0.7692307692,
        "f":0.7692307692
      },
      "in vivo method (BAO_0040021)":{
        "p":1.0,
        "r":0.9333333333,
        "f":0.9655172414
      },
      "Cell phenotype (BAO_0002542)":{
        "p":0.8461538462,
        "r":0.8148148148,
        "f":0.8301886792
      },
      "Nucleic acid binding":{
        "p":0.9705882353,
        "r":0.9705882353,
        "f":0.9705882353
      },
      "Antimicrobial activity":{
        "p":0.9444444444,
        "r":0.85,
        "f":0.8947368421
      }
    },
    "cats_macro_auc_per_type":0.0,
    "tok2vec_loss":1.6446391587,
    "textcat_multilabel_loss":0.0770488261
  }
}