{
  "token_acc":1.0,
  "token_p":1.0,
  "token_r":1.0,
  "token_f":1.0,
  "ents_p":0.9340659341,
  "ents_r":0.9659090909,
  "ents_f":0.9497206704,
  "ents_per_type":{
    "METHOD":{
      "p":0.9340659341,
      "r":0.9659090909,
      "f":0.9497206704
    }
  },
  "speed":31528.6943564142
}