{
  "lang":"en",
  "name":"pipeline",
  "version":"0.0.0",
  "spacy_version":">=3.7.6,<3.8.0",
  "description":"",
  "author":"",
  "email":"",
  "url":"",
  "license":"",
  "spacy_git_version":"319e025",
  "vectors":{
    "width":0,
    "vectors":0,
    "keys":0,
    "name":null,
    "mode":"default"
  },
  "labels":{
    "tok2vec":[

    ],
    "textcat_multilabel":[
      "Radioligand binding (BAO_0002776)",
      "Binding (BAO_0002989)",
      "Protein activity (BAO_0013016)",
      "in vivo method (BAO_0040021)",
      "Cell phenotype (BAO_0002542)",
      "Nucleic acid binding",
      "Antimicrobial activity"
    ]
  },
  "pipeline":[
    "tok2vec",
    "textcat_multilabel"
  ],
  "components":[
    "tok2vec",
    "textcat_multilabel"
  ],
  "disabled":[

  ],
  "performance":{
    "cats_score":0.9925602165,
    "cats_score_desc":"macro AUC",
    "cats_micro_p":0.950310559,
    "cats_micro_r":0.8843930636,
    "cats_micro_f":0.9161676647,
    "cats_macro_p":0.95399827,
    "cats_macro_r":0.8738828865,
    "cats_macro_f":0.9109051437,
    "cats_macro_auc":0.9925602165,
    "cats_f_per_type":{
      "Radioligand binding (BAO_0002776)":{
        "p":0.9411764706,
        "r":0.8888888889,
        "f":0.9142857143
      },
      "Binding (BAO_0002989)":{
        "p":0.9615384615,
        "r":0.8333333333,
        "f":0.8928571429
      },
      "Protein activity (BAO_0013016)":{
        "p":0.9677419355,
        "r":0.8571428571,
        "f":0.9090909091
      },
      "in vivo method (BAO_0040021)":{
        "p":1.0,
        "r":0.8571428571,
        "f":0.9230769231
      },
      "Cell phenotype (BAO_0002542)":{
        "p":0.9473684211,
        "r":0.8571428571,
        "f":0.9
      },
      "Nucleic acid binding":{
        "p":0.9268292683,
        "r":1.0,
        "f":0.9620253165
      },
      "Antimicrobial activity":{
        "p":0.9333333333,
        "r":0.8235294118,
        "f":0.875
      }
    },
    "cats_macro_auc_per_type":0.0,
    "tok2vec_loss":1.1923097723,
    "textcat_multilabel_loss":0.0169096092
  }
}