{
  "lang":"en",
  "name":"pipeline",
  "version":"0.0.0",
  "spacy_version":">=3.7.6,<3.8.0",
  "description":"",
  "author":"",
  "email":"",
  "url":"",
  "license":"",
  "spacy_git_version":"319e025",
  "vectors":{
    "width":0,
    "vectors":0,
    "keys":0,
    "name":null,
    "mode":"default"
  },
  "labels":{
    "tok2vec":[

    ],
    "textcat_multilabel":[
      "Radioligand binding (BAO_0002776)",
      "Binding (BAO_0002989)",
      "Protein activity (BAO_0013016)",
      "in vivo method (BAO_0040021)",
      "Cell phenotype (BAO_0002542)",
      "Nucleic acid binding",
      "Antimicrobial activity"
    ]
  },
  "pipeline":[
    "tok2vec",
    "textcat_multilabel"
  ],
  "components":[
    "tok2vec",
    "textcat_multilabel"
  ],
  "disabled":[

  ],
  "performance":{
    "cats_score":0.9725810161,
    "cats_score_desc":"macro AUC",
    "cats_micro_p":0.900621118,
    "cats_micro_r":0.838150289,
    "cats_micro_f":0.8682634731,
    "cats_macro_p":0.905464393,
    "cats_macro_r":0.821452528,
    "cats_macro_f":0.8596002091,
    "cats_macro_auc":0.9725810161,
    "cats_f_per_type":{
      "Radioligand binding (BAO_0002776)":{
        "p":1.0,
        "r":0.8695652174,
        "f":0.9302325581
      },
      "Binding (BAO_0002989)":{
        "p":0.8333333333,
        "r":0.8620689655,
        "f":0.8474576271
      },
      "Protein activity (BAO_0013016)":{
        "p":0.8611111111,
        "r":0.7948717949,
        "f":0.8266666667
      },
      "in vivo method (BAO_0040021)":{
        "p":1.0,
        "r":0.7777777778,
        "f":0.875
      },
      "Cell phenotype (BAO_0002542)":{
        "p":0.7333333333,
        "r":0.7333333333,
        "f":0.7333333333
      },
      "Nucleic acid binding":{
        "p":0.972972973,
        "r":0.9230769231,
        "f":0.9473684211
      },
      "Antimicrobial activity":{
        "p":0.9375,
        "r":0.7894736842,
        "f":0.8571428571
      }
    },
    "cats_macro_auc_per_type":0.0,
    "tok2vec_loss":6.6926600674,
    "textcat_multilabel_loss":0.2338502734
  }
}