{
  "token_acc":1.0,
  "token_p":1.0,
  "token_r":1.0,
  "token_f":1.0,
  "ents_p":0.9418604651,
  "ents_r":0.9204545455,
  "ents_f":0.9310344828,
  "ents_per_type":{
    "METHOD":{
      "p":0.9418604651,
      "r":0.9204545455,
      "f":0.9310344828
    }
  },
  "speed":29325.2933210129
}