{
  "token_acc":1.0,
  "token_p":1.0,
  "token_r":1.0,
  "token_f":1.0,
  "cats_score":0.9843675677,
  "cats_score_desc":"macro AUC",
  "cats_micro_p":0.9096385542,
  "cats_micro_r":0.8728323699,
  "cats_micro_f":0.8908554572,
  "cats_macro_p":0.9191808789,
  "cats_macro_r":0.8844920447,
  "cats_macro_f":0.898968926,
  "cats_macro_auc":0.9843675677,
  "cats_f_per_type":{
    "Radioligand binding (BAO_0002776)":{
      "p":0.9259259259,
      "r":1.0,
      "f":0.9615384615
    },
    "Binding (BAO_0002989)":{
      "p":0.8461538462,
      "r":0.8148148148,
      "f":0.8301886792
    },
    "Protein activity (BAO_0013016)":{
      "p":0.8611111111,
      "r":0.7948717949,
      "f":0.8266666667
    },
    "in vivo method (BAO_0040021)":{
      "p":1.0,
      "r":1.0,
      "f":1.0
    },
    "Cell phenotype (BAO_0002542)":{
      "p":0.8333333333,
      "r":0.8823529412,
      "f":0.8571428571
    },
    "Nucleic acid binding":{
      "p":0.9677419355,
      "r":0.9375,
      "f":0.9523809524
    },
    "Antimicrobial activity":{
      "p":1.0,
      "r":0.7619047619,
      "f":0.8648648649
    }
  },
  "cats_auc_per_type":{
    "Radioligand binding (BAO_0002776)":0.9997297297,
    "Binding (BAO_0002989)":0.9822425165,
    "Protein activity (BAO_0013016)":0.9756984309,
    "in vivo method (BAO_0040021)":1.0,
    "Cell phenotype (BAO_0002542)":0.983785822,
    "Nucleic acid binding":0.9904698582,
    "Antimicrobial activity":0.9586466165
  },
  "speed":28002.2923811916
}