{
  "token_acc":1.0,
  "token_p":1.0,
  "token_r":1.0,
  "token_f":1.0,
  "ents_p":0.9431818182,
  "ents_r":0.9540229885,
  "ents_f":0.9485714286,
  "ents_per_type":{
    "METHOD":{
      "p":0.9431818182,
      "r":0.9540229885,
      "f":0.9485714286
    }
  },
  "speed":21145.8970206962
}