{
  "lang":"en",
  "name":"pipeline",
  "version":"0.0.0",
  "spacy_version":">=3.7.6,<3.8.0",
  "description":"",
  "author":"",
  "email":"",
  "url":"",
  "license":"",
  "spacy_git_version":"319e025",
  "vectors":{
    "width":0,
    "vectors":0,
    "keys":0,
    "name":null,
    "mode":"default"
  },
  "labels":{
    "tok2vec":[

    ],
    "textcat_multilabel":[
      "Radioligand binding (BAO_0002776)",
      "Binding (BAO_0002989)",
      "Protein activity (BAO_0013016)",
      "in vivo method (BAO_0040021)",
      "Cell phenotype (BAO_0002542)",
      "Nucleic acid binding",
      "Antimicrobial activity"
    ]
  },
  "pipeline":[
    "tok2vec",
    "textcat_multilabel"
  ],
  "components":[
    "tok2vec",
    "textcat_multilabel"
  ],
  "disabled":[

  ],
  "performance":{
    "cats_score":0.98071814,
    "cats_score_desc":"macro AUC",
    "cats_micro_p":0.9176470588,
    "cats_micro_r":0.901734104,
    "cats_micro_f":0.9096209913,
    "cats_macro_p":0.9228864649,
    "cats_macro_r":0.8851863079,
    "cats_macro_f":0.8999626532,
    "cats_macro_auc":0.98071814,
    "cats_f_per_type":{
      "Radioligand binding (BAO_0002776)":{
        "p":0.8214285714,
        "r":1.0,
        "f":0.9019607843
      },
      "Binding (BAO_0002989)":{
        "p":0.9583333333,
        "r":0.92,
        "f":0.9387755102
      },
      "Protein activity (BAO_0013016)":{
        "p":0.8275862069,
        "r":0.8275862069,
        "f":0.8275862069
      },
      "in vivo method (BAO_0040021)":{
        "p":1.0,
        "r":0.7692307692,
        "f":0.8695652174
      },
      "Cell phenotype (BAO_0002542)":{
        "p":0.96,
        "r":0.8571428571,
        "f":0.9056603774
      },
      "Nucleic acid binding":{
        "p":0.9761904762,
        "r":0.9761904762,
        "f":0.9761904762
      },
      "Antimicrobial activity":{
        "p":0.9166666667,
        "r":0.8461538462,
        "f":0.88
      }
    },
    "cats_macro_auc_per_type":0.0,
    "tok2vec_loss":6.605124223,
    "textcat_multilabel_loss":0.1631502494
  }
}