{
  "token_acc":1.0,
  "token_p":1.0,
  "token_r":1.0,
  "token_f":1.0,
  "ents_p":0.9042553191,
  "ents_r":0.9550561798,
  "ents_f":0.9289617486,
  "ents_per_type":{
    "METHOD":{
      "p":0.9042553191,
      "r":0.9550561798,
      "f":0.9289617486
    }
  },
  "speed":34668.2193335183
}