{
  "token_acc":1.0,
  "token_p":1.0,
  "token_r":1.0,
  "token_f":1.0,
  "ents_p":0.9489795918,
  "ents_r":0.9587628866,
  "ents_f":0.9538461538,
  "ents_per_type":{
    "METHOD":{
      "p":0.9489795918,
      "r":0.9587628866,
      "f":0.9538461538
    }
  },
  "speed":16652.6541612889
}