{
  "token_acc":1.0,
  "token_p":1.0,
  "token_r":1.0,
  "token_f":1.0,
  "ents_p":0.9479166667,
  "ents_r":0.9191919192,
  "ents_f":0.9333333333,
  "ents_per_type":{
    "METHOD":{
      "p":0.9479166667,
      "r":0.9191919192,
      "f":0.9333333333
    }
  },
  "speed":30343.1089815919
}