{
  "lang":"en",
  "name":"pipeline",
  "version":"0.0.0",
  "spacy_version":">=3.7.6,<3.8.0",
  "description":"",
  "author":"",
  "email":"",
  "url":"",
  "license":"",
  "spacy_git_version":"319e025",
  "vectors":{
    "width":0,
    "vectors":0,
    "keys":0,
    "name":null,
    "mode":"default"
  },
  "labels":{
    "tok2vec":[

    ],
    "textcat_multilabel":[
      "Radioligand binding (BAO_0002776)",
      "Binding (BAO_0002989)",
      "Protein activity (BAO_0013016)",
      "in vivo method (BAO_0040021)",
      "Cell phenotype (BAO_0002542)",
      "Nucleic acid binding",
      "Antimicrobial activity"
    ]
  },
  "pipeline":[
    "tok2vec",
    "textcat_multilabel"
  ],
  "components":[
    "tok2vec",
    "textcat_multilabel"
  ],
  "disabled":[

  ],
  "performance":{
    "cats_score":0.978633011,
    "cats_score_desc":"macro AUC",
    "cats_micro_p":0.9130434783,
    "cats_micro_r":0.8546511628,
    "cats_micro_f":0.8828828829,
    "cats_macro_p":0.9291963385,
    "cats_macro_r":0.8556100475,
    "cats_macro_f":0.8891176729,
    "cats_macro_auc":0.978633011,
    "cats_f_per_type":{
      "Radioligand binding (BAO_0002776)":{
        "p":0.9523809524,
        "r":0.9090909091,
        "f":0.9302325581
      },
      "Binding (BAO_0002989)":{
        "p":0.9130434783,
        "r":0.875,
        "f":0.8936170213
      },
      "Protein activity (BAO_0013016)":{
        "p":0.7714285714,
        "r":0.7941176471,
        "f":0.7826086957
      },
      "in vivo method (BAO_0040021)":{
        "p":0.9230769231,
        "r":0.8571428571,
        "f":0.8888888889
      },
      "Cell phenotype (BAO_0002542)":{
        "p":1.0,
        "r":0.76,
        "f":0.8636363636
      },
      "Nucleic acid binding":{
        "p":0.9444444444,
        "r":0.9189189189,
        "f":0.9315068493
      },
      "Antimicrobial activity":{
        "p":1.0,
        "r":0.875,
        "f":0.9333333333
      }
    },
    "cats_macro_auc_per_type":0.0,
    "tok2vec_loss":19.3735729316,
    "textcat_multilabel_loss":0.5835101647
  }
}