{
  "token_acc":1.0,
  "token_p":1.0,
  "token_r":1.0,
  "token_f":1.0,
  "cats_score":0.9696733699,
  "cats_score_desc":"macro AUC",
  "cats_micro_p":0.8834355828,
  "cats_micro_r":0.8323699422,
  "cats_micro_f":0.8571428571,
  "cats_macro_p":0.8891365951,
  "cats_macro_r":0.8322532921,
  "cats_macro_f":0.8567929047,
  "cats_macro_auc":0.9696733699,
  "cats_f_per_type":{
    "Radioligand binding (BAO_0002776)":{
      "p":0.9411764706,
      "r":0.8,
      "f":0.8648648649
    },
    "Binding (BAO_0002989)":{
      "p":0.8620689655,
      "r":0.9615384615,
      "f":0.9090909091
    },
    "Protein activity (BAO_0013016)":{
      "p":0.8275862069,
      "r":0.6666666667,
      "f":0.7384615385
    },
    "in vivo method (BAO_0040021)":{
      "p":0.9090909091,
      "r":0.7692307692,
      "f":0.8333333333
    },
    "Cell phenotype (BAO_0002542)":{
      "p":0.8,
      "r":0.8695652174,
      "f":0.8333333333
    },
    "Nucleic acid binding":{
      "p":0.9428571429,
      "r":0.9166666667,
      "f":0.9295774648
    },
    "Antimicrobial activity":{
      "p":0.9411764706,
      "r":0.8421052632,
      "f":0.8888888889
    }
  },
  "cats_auc_per_type":{
    "Radioligand binding (BAO_0002776)":0.9617647059,
    "Binding (BAO_0002989)":0.9822082679,
    "Protein activity (BAO_0013016)":0.9635036496,
    "in vivo method (BAO_0040021)":0.91875,
    "Cell phenotype (BAO_0002542)":0.9805797101,
    "Nucleic acid binding":0.99594485,
    "Antimicrobial activity":0.984962406
  },
  "speed":28835.8403231974
}