{
  "lang":"en",
  "name":"pipeline",
  "version":"0.0.0",
  "spacy_version":">=3.7.6,<3.8.0",
  "description":"",
  "author":"",
  "email":"",
  "url":"",
  "license":"",
  "spacy_git_version":"319e025",
  "vectors":{
    "width":0,
    "vectors":0,
    "keys":0,
    "name":null,
    "mode":"default"
  },
  "labels":{
    "tok2vec":[

    ],
    "textcat_multilabel":[
      "Radioligand binding (BAO_0002776)",
      "Binding (BAO_0002989)",
      "Protein activity (BAO_0013016)",
      "in vivo method (BAO_0040021)",
      "Cell phenotype (BAO_0002542)",
      "Nucleic acid binding",
      "Antimicrobial activity"
    ]
  },
  "pipeline":[
    "tok2vec",
    "textcat_multilabel"
  ],
  "components":[
    "tok2vec",
    "textcat_multilabel"
  ],
  "disabled":[

  ],
  "performance":{
    "cats_score":0.9797702863,
    "cats_score_desc":"macro AUC",
    "cats_micro_p":0.8982035928,
    "cats_micro_r":0.8670520231,
    "cats_micro_f":0.8823529412,
    "cats_macro_p":0.8976731718,
    "cats_macro_r":0.8625431711,
    "cats_macro_f":0.8778057439,
    "cats_macro_auc":0.9797702863,
    "cats_f_per_type":{
      "Radioligand binding (BAO_0002776)":{
        "p":0.9047619048,
        "r":0.9047619048,
        "f":0.9047619048
      },
      "Binding (BAO_0002989)":{
        "p":0.875,
        "r":0.84,
        "f":0.8571428571
      },
      "Protein activity (BAO_0013016)":{
        "p":0.8461538462,
        "r":0.8461538462,
        "f":0.8461538462
      },
      "in vivo method (BAO_0040021)":{
        "p":0.8571428571,
        "r":0.9230769231,
        "f":0.8888888889
      },
      "Cell phenotype (BAO_0002542)":{
        "p":0.8888888889,
        "r":0.7619047619,
        "f":0.8205128205
      },
      "Nucleic acid binding":{
        "p":0.9705882353,
        "r":1.0,
        "f":0.9850746269
      },
      "Antimicrobial activity":{
        "p":0.9411764706,
        "r":0.7619047619,
        "f":0.8421052632
      }
    },
    "cats_macro_auc_per_type":0.0,
    "tok2vec_loss":2.9009635784,
    "textcat_multilabel_loss":0.0850648673
  }
}