{
  "token_acc":1.0,
  "token_p":1.0,
  "token_r":1.0,
  "token_f":1.0,
  "ents_p":0.8932038835,
  "ents_r":0.9387755102,
  "ents_f":0.9154228856,
  "ents_per_type":{
    "METHOD":{
      "p":0.8932038835,
      "r":0.9387755102,
      "f":0.9154228856
    }
  },
  "speed":34448.8679231199
}