{
  "token_acc":1.0,
  "token_p":1.0,
  "token_r":1.0,
  "token_f":1.0,
  "ents_p":0.8651685393,
  "ents_r":0.9277108434,
  "ents_f":0.8953488372,
  "ents_per_type":{
    "METHOD":{
      "p":0.8651685393,
      "r":0.9277108434,
      "f":0.8953488372
    }
  },
  "speed":34806.0316608442
}