{
  "lang":"en",
  "name":"pipeline",
  "version":"0.0.0",
  "spacy_version":">=3.7.6,<3.8.0",
  "description":"",
  "author":"",
  "email":"",
  "url":"",
  "license":"",
  "spacy_git_version":"319e025",
  "vectors":{
    "width":0,
    "vectors":0,
    "keys":0,
    "name":null,
    "mode":"default"
  },
  "labels":{
    "tok2vec":[

    ],
    "textcat_multilabel":[
      "Radioligand binding (BAO_0002776)",
      "Binding (BAO_0002989)",
      "Protein activity (BAO_0013016)",
      "in vivo method (BAO_0040021)",
      "Cell phenotype (BAO_0002542)",
      "Nucleic acid binding",
      "Antimicrobial activity"
    ]
  },
  "pipeline":[
    "tok2vec",
    "textcat_multilabel"
  ],
  "components":[
    "tok2vec",
    "textcat_multilabel"
  ],
  "disabled":[

  ],
  "performance":{
    "cats_score":0.9816362777,
    "cats_score_desc":"macro AUC",
    "cats_micro_p":0.9289940828,
    "cats_micro_r":0.9075144509,
    "cats_micro_f":0.918128655,
    "cats_macro_p":0.932594391,
    "cats_macro_r":0.8910765261,
    "cats_macro_f":0.9086287296,
    "cats_macro_auc":0.9816362777,
    "cats_f_per_type":{
      "Radioligand binding (BAO_0002776)":{
        "p":0.8846153846,
        "r":1.0,
        "f":0.9387755102
      },
      "Binding (BAO_0002989)":{
        "p":0.96,
        "r":0.96,
        "f":0.96
      },
      "Protein activity (BAO_0013016)":{
        "p":0.8518518519,
        "r":0.7931034483,
        "f":0.8214285714
      },
      "in vivo method (BAO_0040021)":{
        "p":1.0,
        "r":0.7692307692,
        "f":0.8695652174
      },
      "Cell phenotype (BAO_0002542)":{
        "p":0.9615384615,
        "r":0.8928571429,
        "f":0.9259259259
      },
      "Nucleic acid binding":{
        "p":0.9534883721,
        "r":0.9761904762,
        "f":0.9647058824
      },
      "Antimicrobial activity":{
        "p":0.9166666667,
        "r":0.8461538462,
        "f":0.88
      }
    },
    "cats_macro_auc_per_type":0.0,
    "tok2vec_loss":31.333618369,
    "textcat_multilabel_loss":1.0187129014
  }
}