{
  "lang":"en",
  "name":"pipeline",
  "version":"0.0.0",
  "spacy_version":">=3.7.6,<3.8.0",
  "description":"",
  "author":"",
  "email":"",
  "url":"",
  "license":"",
  "spacy_git_version":"319e025",
  "vectors":{
    "width":0,
    "vectors":0,
    "keys":0,
    "name":null,
    "mode":"default"
  },
  "labels":{
    "tok2vec":[

    ],
    "textcat_multilabel":[
      "Radioligand binding (BAO_0002776)",
      "Binding (BAO_0002989)",
      "Protein activity (BAO_0013016)",
      "in vivo method (BAO_0040021)",
      "Cell phenotype (BAO_0002542)",
      "Nucleic acid binding",
      "Antimicrobial activity"
    ]
  },
  "pipeline":[
    "tok2vec",
    "textcat_multilabel"
  ],
  "components":[
    "tok2vec",
    "textcat_multilabel"
  ],
  "disabled":[

  ],
  "performance":{
    "cats_score":0.9760626761,
    "cats_score_desc":"macro AUC",
    "cats_micro_p":0.8875,
    "cats_micro_r":0.8255813953,
    "cats_micro_f":0.8554216867,
    "cats_macro_p":0.8995425295,
    "cats_macro_r":0.8382502465,
    "cats_macro_f":0.8648318417,
    "cats_macro_auc":0.9760626761,
    "cats_f_per_type":{
      "Radioligand binding (BAO_0002776)":{
        "p":0.9545454545,
        "r":0.9545454545,
        "f":0.9545454545
      },
      "Binding (BAO_0002989)":{
        "p":0.84,
        "r":0.8076923077,
        "f":0.8235294118
      },
      "Protein activity (BAO_0013016)":{
        "p":0.75,
        "r":0.6363636364,
        "f":0.6885245902
      },
      "in vivo method (BAO_0040021)":{
        "p":1.0,
        "r":0.7647058824,
        "f":0.8666666667
      },
      "Cell phenotype (BAO_0002542)":{
        "p":0.9047619048,
        "r":0.76,
        "f":0.8260869565
      },
      "Nucleic acid binding":{
        "p":0.9189189189,
        "r":0.9444444444,
        "f":0.9315068493
      },
      "Antimicrobial activity":{
        "p":0.9285714286,
        "r":1.0,
        "f":0.962962963
      }
    },
    "cats_macro_auc_per_type":0.0,
    "tok2vec_loss":0.3850806082,
    "textcat_multilabel_loss":0.0911676336
  }
}